Workbook

Sheet Mode d'emploi
A1: Déroulé des modules
A2: Une ligne par étape, dans l'ordre réel des slides de chaque deck. La colonne « Type » dit ce qu'est chaque ligne, et la couleur le répète : voir la légende en bas de cette page.
A4: Ce qui se saisit (cellules jaunes)
A5: Déroulé, colonne « Durée (min) » : la durée de l'étape, en minutes. Les démonstrations sont préremplies avec la borne haute de leur page de garde (« 12 à 15 minutes » donne 15) ; la page de garde reste visible dans « Durée prévue (démo) ».
A6: Déroulé, colonne « Remarques » : libre.
A7: Synthèse, cellule C3 : un rythme en minutes par slide. Il sert d'estimation pour les lignes « Slides » sans durée saisie ; vide, ces lignes comptent 0.
A9: Ce qui se calcule
A10: « Nb slides », « Durée retenue », « Cumul module » et toute la Synthèse sont des formules : modifiez une durée, les totaux suivent.
A11: « Étapes sans durée » compte, par module, les étapes encore vides (sections exclues).
A13: Régénération
A14: python3 _outils/extraire_deroule.py relit les decks et réécrit ce classeur. Les durées, les remarques et le rythme déjà saisis sont conservés : une étape est reconnue par son module, son type et sa première slide. Si une slide est insérée avant une étape, sa première slide change, et sa saisie est à refaire.
A16: Les types de ligne (colonne « Type » du Déroulé)
... A20: Exercices : une slide d'exercices, avec les codes à faire

Sheet Synthèse
A1: Synthèse du déroulé
A3: Rythme des slides, en minutes par slide (hypothèse à saisir)
A5: Module | B5: Slides | C5: Démonstrations (min) | D5: Exercices (min) | E5: Slides (min) | F5: Total (min) | G5: Total (h:mm) | H5: Étapes sans durée
A6: INI | B6: 26 | C6: =SUMIFS(Déroulé!$J$2:$J$301,Déroulé!$A$2:$A$301,A6,Déroulé!$C$2:$C$301,"Démonstration") -> 0 | D6: =SUMIFS(Déroulé!$J$2:$J$301,Déroulé!$A$2:$A$301,A6,Déroulé!$C$2:$C$301,"Exercices") -> 0 | E6: =SUMIFS(Déroulé!$J$2:$J$301,Déroulé!$A$2:$A$301,A6,Déroulé!$C$2:$C$301,"Slides") -> 0 | F6: =C6+D6+E6 -> 0 | G6: =F6/1440 -> 0 | H6: =COUNTIFS(Déroulé!$A$2:$A$301,A6,Déroulé!$H$2:$H$301,"",Déroulé!$C$2:$C$301,"<>Section") -> 2
A7: POO | B7: 59 | C7: =SUMIFS(Déroulé!$J$2:$J$301,Déroulé!$A$2:$A$301,A7,Déroulé!$C$2:$C$301,"Démonstration") -> 25 | D7: =SUMIFS(Déroulé!$J$2:$J$301,Déroulé!$A$2:$A$301,A7,Déroulé!$C$2:$C$301,"Exercices") -> 0 | E7: =SUMIFS(Déroulé!$J$2:$J$301,Déroulé!$A$2:$A$301,A7,Déroulé!$C$2:$C$301,"Slides") -> 0 | F7: =C7+D7+E7 -> 25 | G7: =F7/1440 -> 0.017361111 | H7: =COUNTIFS(Déroulé!$A$2:$A$301,A7,Déroulé!$H$2:$H$301,"",Déroulé!$C$2:$C$301,"<>Section") -> 18
A8: TMP | B8: 48 | C8: =SUMIFS(Déroulé!$J$2:$J$301,Déroulé!$A$2:$A$301,A8,Déroulé!$C$2:$C$301,"Démonstration") -> 12 | D8: =SUMIFS(Déroulé!$J$2:$J$301,Déroulé!$A$2:$A$301,A8,Déroulé!$C$2:$C$301,"Exercices") -> 0 | E8: =SUMIFS(Déroulé!$J$2:$J$301,Déroulé!$A$2:$A$301,A8,Déroulé!$C$2:$C$301,"Slides") -> 0 | F8: =C8+D8+E8 -> 12 | G8: =F8/1440 -> 0.0083333333 | H8: =COUNTIFS(Déroulé!$A$2:$A$301,A8,Déroulé!$H$2:$H$301,"",Déroulé!$C$2:$C$301,"<>Section") -> 20
A9: TAB | B9: 27 | C9: =SUMIFS(Déroulé!$J$2:$J$301,Déroulé!$A$2:$A$301,A9,Déroulé!$C$2:$C$301,"Démonstration") -> 20 | D9: =SUMIFS(Déroulé!$J$2:$J$301,Déroulé!$A$2:$A$301,A9,Déroulé!$C$2:$C$301,"Exercices") -> 0 | E9: =SUMIFS(Déroulé!$J$2:$J$301,Déroulé!$A$2:$A$301,A9,Déroulé!$C$2:$C$301,"Slides") -> 0 | F9: =C9+D9+E9 -> 20 | G9: =F9/1440 -> 0.013888889 | H9: =COUNTIFS(Déroulé!$A$2:$A$301,A9,Déroulé!$H$2:$H$301,"",Déroulé!$C$2:$C$301,"<>Section") -> 11
A10: ENU | B10: 40 | C10: =SUMIFS(Déroulé!$J$2:$J$301,Déroulé!$A$2:$A$301,A10,Déroulé!$C$2:$C$301,"Démonstration") -> 10 | D10: =SUMIFS(Déroulé!$J$2:$J$301,Déroulé!$A$2:$A$301,A10,Déroulé!$C$2:$C$301,"Exercices") -> 0 | E10: =SUMIFS(Déroulé!$J$2:$J$301,Déroulé!$A$2:$A$301,A10,Déroulé!$C$2:$C$301,"Slides") -> 0 | F10: =C10+D10+E10 -> 10 | G10: =F10/1440 -> 0.0069444444 | H10: =COUNTIFS(Déroulé!$A$2:$A$301,A10,Déroulé!$H$2:$H$301,"",Déroulé!$C$2:$C$301,"<>Section") -> 13
A11: ABS | B11: 46 | C11: =SUMIFS(Déroulé!$J$2:$J$301,Déroulé!$A$2:$A$301,A11,Déroulé!$C$2:$C$301,"Démonstration") -> 12 | D11: =SUMIFS(Déroulé!$J$2:$J$301,Déroulé!$A$2:$A$301,A11,Déroulé!$C$2:$C$301,"Exercices") -> 0 | E11: =SUMIFS(Déroulé!$J$2:$J$301,Déroulé!$A$2:$A$301,A11,Déroulé!$C$2:$C$301,"Slides") -> 0 | F11: =C11+D11+E11 -> 12 | G11: =F11/1440 -> 0.0083333333 | H11: =COUNTIFS(Déroulé!$A$2:$A$301,A11,Déroulé!$H$2:$H$301,"",Déroulé!$C$2:$C$301,"<>Section") -> 15
A12: ITF | B12: 38 | C12: =SUMIFS(Déroulé!$J$2:$J$301,Déroulé!$A$2:$A$301,A12,Déroulé!$C$2:$C$301,"Démonstration") -> 12 | D12: =SUMIFS(Déroulé!$J$2:$J$301,Déroulé!$A$2:$A$301,A12,Déroulé!$C$2:$C$301,"Exercices") -> 0 | E12: =SUMIFS(Déroulé!$J$2:$J$301,Déroulé!$A$2:$A$301,A12,Déroulé!$C$2:$C$301,"Slides") -> 0 | F12: =C12+D12+E12 -> 12 | G12: =F12/1440 -> 0.0083333333 | H12: =COUNTIFS(Déroulé!$A$2:$A$301,A12,Déroulé!$H$2:$H$301,"",Déroulé!$C$2:$C$301,"<>Section") -> 11
A13: PKG | B13: 31 | C13: =SUMIFS(Déroulé!$J$2:$J$301,Déroulé!$A$2:$A$301,A13,Déroulé!$C$2:$C$301,"Démonstration") -> 25 | D13: =SUMIFS(Déroulé!$J$2:$J$301,Déroulé!$A$2:$A$301,A13,Déroulé!$C$2:$C$301,"Exercices") -> 0 | E13: =SUMIFS(Déroulé!$J$2:$J$301,Déroulé!$A$2:$A$301,A13,Déroulé!$C$2:$C$301,"Slides") -> 0 | F13: =C13+D13+E13 -> 25 | G13: =F13/1440 -> 0.017361111 | H13: =COUNTIFS(Déroulé!$A$2:$A$301,A13,Déroulé!$H$2:$H$301,"",Déroulé!$C$2:$C$301,"<>Section") -> 12
A14: COL | B14: 38 | C14: =SUMIFS(Déroulé!$J$2:$J$301,Déroulé!$A$2:$A$301,A14,Déroulé!$C$2:$C$301,"Démonstration") -> 12 | D14: =SUMIFS(Déroulé!$J$2:$J$301,Déroulé!$A$2:$A$301,A14,Déroulé!$C$2:$C$301,"Exercices") -> 0 | E14: =SUMIFS(Déroulé!$J$2:$J$301,Déroulé!$A$2:$A$301,A14,Déroulé!$C$2:$C$301,"Slides") -> 0 | F14: =C14+D14+E14 -> 12 | G14: =F14/1440 -> 0.0083333333 | H14: =COUNTIFS(Déroulé!$A$2:$A$301,A14,Déroulé!$H$2:$H$301,"",Déroulé!$C$2:$C$301,"<>Section") -> 13
A15: EXC | B15: 26 | C15: =SUMIFS(Déroulé!$J$2:$J$301,Déroulé!$A$2:$A$301,A15,Déroulé!$C$2:$C$301,"Démonstration") -> 12 | D15: =SUMIFS(Déroulé!$J$2:$J$301,Déroulé!$A$2:$A$301,A15,Déroulé!$C$2:$C$301,"Exercices") -> 0 | E15: =SUMIFS(Déroulé!$J$2:$J$301,Déroulé!$A$2:$A$301,A15,Déroulé!$C$2:$C$301,"Slides") -> 0 | F15: =C15+D15+E15 -> 12 | G15: =F15/1440 -> 0.0083333333 | H15: =COUNTIFS(Déroulé!$A$2:$A$301,A15,Déroulé!$H$2:$H$301,"",Déroulé!$C$2:$C$301,"<>Section") -> 11
A16: JUN | B16: 34 | C16: =SUMIFS(Déroulé!$J$2:$J$301,Déroulé!$A$2:$A$301,A16,Déroulé!$C$2:$C$301,"Démonstration") -> 15 | D16: =SUMIFS(Déroulé!$J$2:$J$301,Déroulé!$A$2:$A$301,A16,Déroulé!$C$2:$C$301,"Exercices") -> 0 | E16: =SUMIFS(Déroulé!$J$2:$J$301,Déroulé!$A$2:$A$301,A16,Déroulé!$C$2:$C$301,"Slides") -> 0 | F16: =C16+D16+E16 -> 15 | G16: =F16/1440 -> 0.010416667 | H16: =COUNTIFS(Déroulé!$A$2:$A$301,A16,Déroulé!$H$2:$H$301,"",Déroulé!$C$2:$C$301,"<>Section") -> 9
A17: GEN | B17: 32 | C17: =SUMIFS(Déroulé!$J$2:$J$301,Déroulé!$A$2:$A$301,A17,Déroulé!$C$2:$C$301,"Démonstration") -> 12 | D17: =SUMIFS(Déroulé!$J$2:$J$301,Déroulé!$A$2:$A$301,A17,Déroulé!$C$2:$C$301,"Exercices") -> 0 | E17: =SUMIFS(Déroulé!$J$2:$J$301,Déroulé!$A$2:$A$301,A17,Déroulé!$C$2:$C$301,"Slides") -> 0 | F17: =C17+D17+E17 -> 12 | G17: =F17/1440 -> 0.0083333333 | H17: =COUNTIFS(Déroulé!$A$2:$A$301,A17,Déroulé!$H$2:$H$301,"",Déroulé!$C$2:$C$301,"<>Section") -> 15
... A22: FIC | B22: 26 | C22: =SUMIFS(Déroulé!$J$2:$J$301,Déroulé!$A$2:$A$301,A22,Déroulé!$C$2:$C$301,"Démonstration") -> 25 | D22: =SUMIFS(Déroulé!$J$2:$J$301,Déroulé!$A$2:$A$301,A22,Déroulé!$C$2:$C$301,"Exercices") -> 0 | E22: =SUMIFS(Déroulé!$J$2:$J$301,Déroulé!$A$2:$A$301,A22,Déroulé!$C$2:$C$301,"Slides") -> 0 | F22: =C22+D22+E22 -> 25 | G22: =F22/1440 -> 0.017361111 | H22: =COUNTIFS(Déroulé!$A$2:$A$301,A22,Déroulé!$H$2:$H$301,"",Déroulé!$C$2:$C$301,"<>Section") -> 9
A23: Total | B23: =SUM(B6:B22) -> 584 | C23: =SUM(C6:C22) -> 222 | D23: =SUM(D6:D22) -> 0 | E23: =SUM(E6:E22) -> 0 | F23: =SUM(F6:F22) -> 222 | G23: =SUM(G6:G22) -> 0.15416667 | H23: =SUM(H6:H22) -> 193

Sheet Déroulé
A1: Module | B1: N° | C1: Type | D1: De | E1: À | F1: Nb slides | G1: Étape | H1: Durée (min) | I1: Durée prévue (démo) | J1: Durée retenue (min) | K1: Cumul module (min) | L1: Remarques
A2: INI | B2: 1 | C2: Slides | D2: 2 | E2: 17 | F2: =E2-D2+1 -> 16 | G2: Au programme ; Qui suis-je? ; Contenu du cours ; Les modules du cours ; Critères de réussite et acquis d'apprentissage ; En d'autres termes, vous devez pouvoir… ; L'organisation pratique du cours ; … et l'examen? ; Le déroulé d'un module ; Les fascicules d'exercices ; Le projet ExercicesJava ; Les tests fournis ; Le fil rouge GameHub ; Le support imprimable | J2: =IF(H2<>"",H2,IF(C2="Slides",F2*Synthèse!$C$3,0)) -> 0 | K2: =SUMIFS($J$2:J2,$A$2:A2,A2) -> 0
A3: INI | B3: 2 | C3: Section | D3: 18 | E3: 18 | G3: Section 3. Les mémentos | J3: =IF(H3<>"",H3,IF(C3="Slides",F3*Synthèse!$C$3,0)) -> 0 | K3: =SUMIFS($J$2:J3,$A$2:A3,A3) -> 0
A4: INI | B4: 3 | C4: Slides | D4: 19 | E4: 26 | F4: =E4-D4+1 -> 8 | G4: Quatre documents de référence ; Le mémento Exercices ; Le guide IntelliJ ; Le mémento technique ; Le mémento Clean Code ; Comment lire un renvoi ; Quelques liens utiles ; En résumé… | J4: =IF(H4<>"",H4,IF(C4="Slides",F4*Synthèse!$C$3,0)) -> 0 | K4: =SUMIFS($J$2:J4,$A$2:A4,A4) -> 0
A5: POO | B5: 1 | C5: Slides | D5: 2 | E5: 2 | F5: =E5-D5+1 -> 1 | G5: Au programme | J5: =IF(H5<>"",H5,IF(C5="Slides",F5*Synthèse!$C$3,0)) -> 0 | K5: =SUMIFS($J$2:J5,$A$2:A5,A5) -> 0
A6: POO | B6: 2 | C6: Section | D6: 3 | E6: 3 | G6: Section 1. De C# à Java | J6: =IF(H6<>"",H6,IF(C6="Slides",F6*Synthèse!$C$3,0)) -> 0 | K6: =SUMIFS($J$2:J6,$A$2:A6,A6) -> 0
A7: POO | B7: 3 | C7: Slides | D7: 4 | E7: 12 | F7: =E7-D7+1 -> 9 | G7: Pas de grosses différences niveau langage ; Structuration des classes ; Conventions de nommage différentes ; Lien entre fichier et classe ; Classes du Framework différentes ; Méthode main rend la classe exécutable ; Classe Java et Programme (exécutable) Java ; Du code source au programme ; En résumé… | J7: =IF(H7<>"",H7,IF(C7="Slides",F7*Synthèse!$C$3,0)) -> 0 | K7: =SUMIFS($J$2:J7,$A$2:A7,A7) -> 0
A8: POO | B8: 4 | C8: Section | D8: 13 | E8: 13 | G8: Section 2. Classe et objet | J8: =IF(H8<>"",H8,IF(C8="Slides",F8*Synthèse!$C$3,0)) -> 0 | K8: =SUMIFS($J$2:J8,$A$2:A8,A8) -> 0
A9: POO | B9: 5 | C9: Slides | D9: 14 | E9: 15 | F9: =E9-D9+1 -> 2 | G9: Les quatre principes de la POO ; Classe et objet | J9: =IF(H9<>"",H9,IF(C9="Slides",F9*Synthèse!$C$3,0)) -> 0 | K9: =SUMIFS($J$2:J9,$A$2:A9,A9) -> 0
A10: POO | B10: 6 | C10: Démonstration | D10: 16 | E10: 16 | G10: Démonstration Demo_POO : Construire une classe, puis l'encapsuler (avant POO.1) | H10: 15 | I10: 12 à 15 minutes | J10: =IF(H10<>"",H10,IF(C10="Slides",F10*Synthèse!$C$3,0)) -> 15 | K10: =SUMIFS($J$2:J10,$A$2:A10,A10) -> 15
A11: POO | B11: 7 | C11: Slides | D11: 17 | E11: 20 | F11: =E11-D11+1 -> 4 | G11: Le constructeur ; Le mot-clé this ; Un champ final ; La méthode toString | J11: =IF(H11<>"",H11,IF(C11="Slides",F11*Synthèse!$C$3,0)) -> 0 | K11: =SUMIFS($J$2:J11,$A$2:A11,A11) -> 15
A12: POO | B12: 8 | C12: Exercices | D12: 21 | E12: 21 | G12: Exercices : POO.1 Une première classe ; G.1 Le joueur ; G.2 La partie — Nommer : CC-NOM.1 et CC-NOM.5 | J12: =IF(H12<>"",H12,IF(C12="Slides",F12*Synthèse!$C$3,0)) -> 0 | K12: =SUMIFS($J$2:J12,$A$2:A12,A12) -> 15
A13: POO | B13: 9 | C13: Section | D13: 22 | E13: 22 | G13: Section 3. Encapsulation | J13: =IF(H13<>"",H13,IF(C13="Slides",F13*Synthèse!$C$3,0)) -> 0 | K13: =SUMIFS($J$2:J13,$A$2:A13,A13) -> 15
A14: POO | B14: 10 | C14: Slides | D14: 23 | E14: 27 | F14: =E14-D14+1 -> 5 | G14: Le problème d'un champ public ; Fermer les champs, ouvrir des accesseurs ; Ce que le détour permet ; Un accesseur n'est pas une obligation ; La donnée qui n'existe pas | J14: =IF(H14<>"",H14,IF(C14="Slides",F14*Synthèse!$C$3,0)) -> 0 | K14: =SUMIFS($J$2:J14,$A$2:A14,A14) -> 15
A15: POO | B15: 11 | C15: Exercices | D15: 28 | E15: 28 | G15: Exercices : POO.2 La même classe, encapsulée ; POO.3 L'âge n'est pas une donnée à stocker — Générer les accesseurs : IDE.12 | J15: =IF(H15<>"",H15,IF(C15="Slides",F15*Synthèse!$C$3,0)) -> 0 | K15: =SUMIFS($J$2:J15,$A$2:A15,A15) -> 15
A16: POO | B16: 12 | C16: Section | D16: 29 | E16: 29 | G16: Section 4. static | J16: =IF(H16<>"",H16,IF(C16="Slides",F16*Synthèse!$C$3,0)) -> 0 | K16: =SUMIFS($J$2:J16,$A$2:A16,A16) -> 15
A17: POO | B17: 13 | C17: Slides | D17: 30 | E17: 33 | F17: =E17-D17+1 -> 4 | G17: Champs et méthodes de classe ; Champs d’objets ; Champ de classe ; Nommer un champ de classe | J17: =IF(H17<>"",H17,IF(C17="Slides",F17*Synthèse!$C$3,0)) -> 0 | K17: =SUMIFS($J$2:J17,$A$2:A17,A17) -> 15
A18: POO | B18: 14 | C18: Démonstration | D18: 34 | E18: 34 | G18: Démonstration Demo_STA : Ce qui appartient à la classe, ce qui appartient à l'objet (avant STA.1) | H18: 10 | I18: 10 minutes | J18: =IF(H18<>"",H18,IF(C18="Slides",F18*Synthèse!$C$3,0)) -> 10 | K18: =SUMIFS($J$2:J18,$A$2:A18,A18) -> 25
A19: POO | B19: 15 | C19: Slides | D19: 35 | E19: 40 | F19: =E19-D19+1 -> 6 | G19: Un compteur d'instances ; Méthodes de classe ; Une méthode statique n'a pas de this ; Les constantes ; À quoi servent les méthodes de classe ; Les fabriques | J19: =IF(H19<>"",H19,IF(C19="Slides",F19*Synthèse!$C$3,0)) -> 0 | K19: =SUMIFS($J$2:J19,$A$2:A19,A19) -> 25
A20: POO | B20: 16 | C20: Exercices | D20: 41 | E20: 41 | G20: Exercices : STA.1 Une constante et un compteur d'instances ; STA.2 Un constructeur privé et des fabriques — Le débogueur : IDE.19 | J20: =IF(H20<>"",H20,IF(C20="Slides",F20*Synthèse!$C$3,0)) -> 0 | K20: =SUMIFS($J$2:J20,$A$2:A20,A20) -> 25
A21: POO | B21: 17 | C21: Section | D21: 42 | E21: 42 | G21: Section 5. Entrée de données au clavier | J21: =IF(H21<>"",H21,IF(C21="Slides",F21*Synthèse!$C$3,0)) -> 0 | K21: =SUMIFS($J$2:J21,$A$2:A21,A21) -> 25
A22: POO | B22: 18 | C22: Slides | D22: 43 | E22: 47 | F22: =E22-D22+1 -> 5 | G22: Pour les entrées au clavier, on utilise la classe Scanner… ; La Javadoc ; La documentation de Scanner ; Les principales méthodes de Scanner ; Un piège : nextInt suivi de nextLine | J22: =IF(H22<>"",H22,IF(C22="Slides",F22*Synthèse!$C$3,0)) -> 0 | K22: =SUMIFS($J$2:J22,$A$2:A22,A22) -> 25
A23: POO | B23: 19 | C23: Exercices | D23: 48 | E23: 48 | G23: Exercices : POO.4 Saisie au clavier, première partie seulement ; G.3 Le point d'entrée | J23: =IF(H23<>"",H23,IF(C23="Slides",F23*Synthèse!$C$3,0)) -> 0 | K23: =SUMIFS($J$2:J23,$A$2:A23,A23) -> 25
A24: POO | B24: 20 | C24: Section | D24: 49 | E24: 49 | G24: Section 6. Primitifs et références | J24: =IF(H24<>"",H24,IF(C24="Slides",F24*Synthèse!$C$3,0)) -> 0 | K24: =SUMIFS($J$2:J24,$A$2:A24,A24) -> 25
A25: POO | B25: 21 | C25: Slides | D25: 50 | E25: 51 | F25: =E25-D25+1 -> 2 | G25: Types primitifs vs Objets ; Deux noms, un seul objet | J25: =IF(H25<>"",H25,IF(C25="Slides",F25*Synthèse!$C$3,0)) -> 0 | K25: =SUMIFS($J$2:J25,$A$2:A25,A25) -> 25
A26: POO | B26: 22 | C26: Exercices | D26: 52 | E26: 52 | G26: Exercices : POO.4 Saisie au clavier, seconde partie — Observez, puis expliquez par écrit, avant de passer à la slide suivante | J26: =IF(H26<>"",H26,IF(C26="Slides",F26*Synthèse!$C$3,0)) -> 0 | K26: =SUMIFS($J$2:J26,$A$2:A26,A26) -> 25
A27: POO | B27: 23 | C27: Slides | D27: 53 | E27: 53 | F27: =E27-D27+1 -> 1 | G27: Ce que vous avez observé | J27: =IF(H27<>"",H27,IF(C27="Slides",F27*Synthèse!$C$3,0)) -> 0 | K27: =SUMIFS($J$2:J27,$A$2:A27,A27) -> 25
A28: POO | B28: 24 | C28: Section | D28: 54 | E28: 54 | G28: Section 7. Les wrappers | J28: =IF(H28<>"",H28,IF(C28="Slides",F28*Synthèse!$C$3,0)) -> 0 | K28: =SUMIFS($J$2:J28,$A$2:A28,A28) -> 25
A29: POO | B29: 25 | C29: Slides | D29: 55 | E29: 57 | F29: =E29-D29+1 -> 3 | G29: Types primitifs et Wrappers ; Ce qu'offrent les wrappers ; Séparer le calcul du dialogue | J29: =IF(H29<>"",H29,IF(C29="Slides",F29*Synthèse!$C$3,0)) -> 0 | K29: =SUMIFS($J$2:J29,$A$2:A29,A29) -> 25
A30: POO | B30: 26 | C30: Exercices | D30: 58 | E30: 58 | G30: Exercices : POO.5 Changement de base, et logique testable — La Javadoc de Integer.parseInt(String, int) : IDE.14 | J30: =IF(H30<>"",H30,IF(C30="Slides",F30*Synthèse!$C$3,0)) -> 0 | K30: =SUMIFS($J$2:J30,$A$2:A30,A30) -> 25
A31: POO | B31: 27 | C31: Slides | D31: 59 | E31: 59 | F31: =E31-D31+1 -> 1 | G31: En résumé | J31: =IF(H31<>"",H31,IF(C31="Slides",F31*Synthèse!$C$3,0)) -> 0 | K31: =SUMIFS($J$2:J31,$A$2:A31,A31) -> 25
A32: TMP | B32: 1 | C32: Slides | D32: 2 | E32: 2 | F32: =E32-D32+1 -> 1 | G32: Au programme | J32: =IF(H32<>"",H32,IF(C32="Slides",F32*Synthèse!$C$3,0)) -> 0 | K32: =SUMIFS($J$2:J32,$A$2:A32,A32) -> 0
A33: TMP | B33: 2 | C33: Section | D33: 3 | E33: 3 | G33: Section 1. Les classes de java.time | J33: =IF(H33<>"",H33,IF(C33="Slides",F33*Synthèse!$C$3,0)) -> 0 | K33: =SUMIFS($J$2:J33,$A$2:A33,A33) -> 0
A34: TMP | B34: 3 | C34: Slides | D34: 4 | E34: 14 | F34: =E34-D34+1 -> 11 | G34: Une date, c'est plus compliqué qu'il n'y paraît ; Les trois classes du quotidien ; Laquelle choisir ? ; Tout est dans le JDK ; Fabriquer une date ; Lire un morceau de date ; Comparer deux dates ; Quelques exemples avec LocalDate ; L'heure seule ; Quelques exemples avec LocalTime ; Les deux à la fois | J34: =IF(H34<>"",H34,IF(C34="Slides",F34*Synthèse!$C$3,0)) -> 0 | K34: =SUMIFS($J$2:J34,$A$2:A34,A34) -> 0
A35: TMP | B35: 4 | C35: Démonstration | D35: 15 | E35: 15 | G35: Démonstration Demo_TMP : Explorer une classe du JDK sans quitter l'éditeur (avant TMP.1) | H35: 12 | I35: 12 minutes | J35: =IF(H35<>"",H35,IF(C35="Slides",F35*Synthèse!$C$3,0)) -> 12 | K35: =SUMIFS($J$2:J35,$A$2:A35,A35) -> 12
A36: TMP | B36: 5 | C36: Section | D36: 16 | E36: 16 | G36: Section 2. Mesurer un écart | J36: =IF(H36<>"",H36,IF(C36="Slides",F36*Synthèse!$C$3,0)) -> 0 | K36: =SUMIFS($J$2:J36,$A$2:A36,A36) -> 12
A37: TMP | B37: 6 | C37: Slides | D37: 17 | E37: 18 | F37: =E37-D37+1 -> 2 | G37: ChronoUnit, l'unité de mesure ; Deux pièges de comptage | J37: =IF(H37<>"",H37,IF(C37="Slides",F37*Synthèse!$C$3,0)) -> 0 | K37: =SUMIFS($J$2:J37,$A$2:A37,A37) -> 12
A38: TMP | B38: 7 | C38: Exercices | D38: 19 | E38: 19 | G38: Exercices : TMP.1 Mesurer un écart entre deux dates | J38: =IF(H38<>"",H38,IF(C38="Slides",F38*Synthèse!$C$3,0)) -> 0 | K38: =SUMIFS($J$2:J38,$A$2:A38,A38) -> 12
A39: TMP | B39: 8 | C39: Section | D39: 20 | E39: 20 | G39: Section 3. Une date ne change pas | J39: =IF(H39<>"",H39,IF(C39="Slides",F39*Synthèse!$C$3,0)) -> 0 | K39: =SUMIFS($J$2:J39,$A$2:A39,A39) -> 12
A40: TMP | B40: 9 | C40: Slides | D40: 21 | E40: 21 | F40: =E40-D40+1 -> 1 | G40: Décaler une date | J40: =IF(H40<>"",H40,IF(C40="Slides",F40*Synthèse!$C$3,0)) -> 0 | K40: =SUMIFS($J$2:J40,$A$2:A40,A40) -> 12
A41: TMP | B41: 10 | C41: Exercices | D41: 22 | E41: 22 | G41: Exercices : TMP.2 Les dates sont immuables — Exécutez d'abord le Programme fourni, et lisez sa sortie | J41: =IF(H41<>"",H41,IF(C41="Slides",F41*Synthèse!$C$3,0)) -> 0 | K41: =SUMIFS($J$2:J41,$A$2:A41,A41) -> 12
A42: TMP | B42: 11 | C42: Slides | D42: 23 | E42: 23 | F42: =E42-D42+1 -> 1 | G42: Retour sur « Décaler une date » | J42: =IF(H42<>"",H42,IF(C42="Slides",F42*Synthèse!$C$3,0)) -> 0 | K42: =SUMIFS($J$2:J42,$A$2:A42,A42) -> 12
A43: TMP | B43: 12 | C43: Section | D43: 24 | E43: 24 | G43: Section 4. Un détour par l'affichage | J43: =IF(H43<>"",H43,IF(C43="Slides",F43*Synthèse!$C$3,0)) -> 0 | K43: =SUMIFS($J$2:J43,$A$2:A43,A43) -> 12
A44: TMP | B44: 13 | C44: Slides | D44: 25 | E44: 29 | F44: =E44-D44+1 -> 5 | G44: println et print ; printf : un gabarit et des valeurs ; Les gabarits utiles ; La locale décide du séparateur ; String.format, la version testable | J44: =IF(H44<>"",H44,IF(C44="Slides",F44*Synthèse!$C$3,0)) -> 0 | K44: =SUMIFS($J$2:J44,$A$2:A44,A44) -> 12
A45: TMP | B45: 14 | C45: Section | D45: 30 | E45: 30 | G45: Section 5. Date ou instant ? | J45: =IF(H45<>"",H45,IF(C45="Slides",F45*Synthèse!$C$3,0)) -> 0 | K45: =SUMIFS($J$2:J45,$A$2:A45,A45) -> 12
A46: TMP | B46: 15 | C46: Slides | D46: 31 | E46: 31 | F46: =E46-D46+1 -> 1 | G46: Ce que LocalDate ne contient pas | J46: =IF(H46<>"",H46,IF(C46="Slides",F46*Synthèse!$C$3,0)) -> 0 | K46: =SUMIFS($J$2:J46,$A$2:A46,A46) -> 12
A47: TMP | B47: 16 | C47: Exercices | D47: 32 | E47: 32 | G47: Exercices : TMP.3 Compter des secondes : date ou instant ? — Décommentez la ligne signalée et lisez le message | J47: =IF(H47<>"",H47,IF(C47="Slides",F47*Synthèse!$C$3,0)) -> 0 | K47: =SUMIFS($J$2:J47,$A$2:A47,A47) -> 12
A48: TMP | B48: 17 | C48: Slides | D48: 33 | E48: 33 | F48: =E48-D48+1 -> 1 | G48: Retour sur « Ce que LocalDate ne contient pas » | J48: =IF(H48<>"",H48,IF(C48="Slides",F48*Synthèse!$C$3,0)) -> 0 | K48: =SUMIFS($J$2:J48,$A$2:A48,A48) -> 12
A49: TMP | B49: 18 | C49: Section | D49: 34 | E49: 34 | G49: Section 6. L'arithmétique du calendrier | J49: =IF(H49<>"",H49,IF(C49="Slides",F49*Synthèse!$C$3,0)) -> 0 | K49: =SUMIFS($J$2:J49,$A$2:A49,A49) -> 12
A50: TMP | B50: 19 | C50: Slides | D50: 35 | E50: 35 | F50: =E50-D50+1 -> 1 | G50: Ajouter des mois | J50: =IF(H50<>"",H50,IF(C50="Slides",F50*Synthèse!$C$3,0)) -> 0 | K50: =SUMIFS($J$2:J50,$A$2:A50,A50) -> 12
A51: TMP | B51: 20 | C51: Exercices | D51: 36 | E51: 36 | G51: Exercices : TMP.4 L'arithmétique des mois | J51: =IF(H51<>"",H51,IF(C51="Slides",F51*Synthèse!$C$3,0)) -> 0 | K51: =SUMIFS($J$2:J51,$A$2:A51,A51) -> 12
A52: TMP | B52: 21 | C52: Slides | D52: 37 | E52: 37 | F52: =E52-D52+1 -> 1 | G52: Retour sur « Ajouter des mois » | J52: =IF(H52<>"",H52,IF(C52="Slides",F52*Synthèse!$C$3,0)) -> 0 | K52: =SUMIFS($J$2:J52,$A$2:A52,A52) -> 12
A53: TMP | B53: 22 | C53: Section | D53: 38 | E53: 38 | G53: Section 7. Period ou Duration | J53: =IF(H53<>"",H53,IF(C53="Slides",F53*Synthèse!$C$3,0)) -> 0 | K53: =SUMIFS($J$2:J53,$A$2:A53,A53) -> 12
A54: TMP | B54: 23 | C54: Slides | D54: 39 | E54: 40 | F54: =E54-D54+1 -> 2 | G54: Period, les unités du calendrier ; Duration, les unités de l’horloge | J54: =IF(H54<>"",H54,IF(C54="Slides",F54*Synthèse!$C$3,0)) -> 0 | K54: =SUMIFS($J$2:J54,$A$2:A54,A54) -> 12
A55: TMP | B55: 24 | C55: Exercices | D55: 41 | E55: 41 | G55: Exercices : TMP.5 Period ou Duration | J55: =IF(H55<>"",H55,IF(C55="Slides",F55*Synthèse!$C$3,0)) -> 0 | K55: =SUMIFS($J$2:J55,$A$2:A55,A55) -> 12
A56: TMP | B56: 25 | C56: Slides | D56: 42 | E56: 42 | F56: =E56-D56+1 -> 1 | G56: Retour sur « Duration, les unités de l’horloge » | J56: =IF(H56<>"",H56,IF(C56="Slides",F56*Synthèse!$C$3,0)) -> 0 | K56: =SUMIFS($J$2:J56,$A$2:A56,A56) -> 12
A57: TMP | B57: 26 | C57: Section | D57: 43 | E57: 43 | G57: Section 8. Une date et son texte | J57: =IF(H57<>"",H57,IF(C57="Slides",F57*Synthèse!$C$3,0)) -> 0 | K57: =SUMIFS($J$2:J57,$A$2:A57,A57) -> 12
A58: TMP | B58: 27 | C58: Slides | D58: 44 | E58: 45 | F58: =E58-D58+1 -> 2 | G58: De la date vers le texte ; Du texte vers la date | J58: =IF(H58<>"",H58,IF(C58="Slides",F58*Synthèse!$C$3,0)) -> 0 | K58: =SUMIFS($J$2:J58,$A$2:A58,A58) -> 12
A59: TMP | B59: 28 | C59: Exercices | D59: 46 | E59: 46 | G59: Exercices : TMP.6 Formater et analyser une date — Analysez "31/02/2027" et regardez ce que vous obtenez | J59: =IF(H59<>"",H59,IF(C59="Slides",F59*Synthèse!$C$3,0)) -> 0 | K59: =SUMIFS($J$2:J59,$A$2:A59,A59) -> 12
A60: TMP | B60: 29 | C60: Slides | D60: 47 | E60: 48 | F60: =E60-D60+1 -> 2 | G60: Retour - l'indulgence silencieuse ; Ce qu'il faut retenir | J60: =IF(H60<>"",H60,IF(C60="Slides",F60*Synthèse!$C$3,0)) -> 0 | K60: =SUMIFS($J$2:J60,$A$2:A60,A60) -> 12
A61: TAB | B61: 1 | C61: Slides | D61: 2 | E61: 2 | F61: =E61-D61+1 -> 1 | G61: Au programme | J61: =IF(H61<>"",H61,IF(C61="Slides",F61*Synthèse!$C$3,0)) -> 0 | K61: =SUMIFS($J$2:J61,$A$2:A61,A61) -> 0
A62: TAB | B62: 2 | C62: Section | D62: 3 | E62: 3 | G62: Section 1. Un tableau, c'est une taille fixe | J62: =IF(H62<>"",H62,IF(C62="Slides",F62*Synthèse!$C$3,0)) -> 0 | K62: =SUMIFS($J$2:J62,$A$2:A62,A62) -> 0
A63: TAB | B63: 3 | C63: Démonstration | D63: 4 | E63: 4 | G63: Démonstration Demo_TAB : Cinq pièges, et pourquoi ils existent (Séance 6, en ouverture du thème) | H63: 20 | I63: 20 minutes | J63: =IF(H63<>"",H63,IF(C63="Slides",F63*Synthèse!$C$3,0)) -> 20 | K63: =SUMIFS($J$2:J63,$A$2:A63,A63) -> 20
A64: TAB | B64: 4 | C64: Slides | D64: 5 | E64: 7 | F64: =E64-D64+1 -> 3 | G64: Déclarer un tableau ; Ce que la démonstration a montré ; Un tableau de tableaux | J64: =IF(H64<>"",H64,IF(C64="Slides",F64*Synthèse!$C$3,0)) -> 0 | K64: =SUMIFS($J$2:J64,$A$2:A64,A64) -> 20
A65: TAB | B65: 5 | C65: Section | D65: 8 | E65: 8 | G65: Section 2. Parcourir un tableau | J65: =IF(H65<>"",H65,IF(C65="Slides",F65*Synthèse!$C$3,0)) -> 0 | K65: =SUMIFS($J$2:J65,$A$2:A65,A65) -> 20
A66: TAB | B66: 6 | C66: Slides | D66: 9 | E66: 12 | F66: =E66-D66+1 -> 4 | G66: La boucle indexée ; La boucle for-each ; Laquelle choisir ; Deux boucles imbriquées | J66: =IF(H66<>"",H66,IF(C66="Slides",F66*Synthèse!$C$3,0)) -> 0 | K66: =SUMIFS($J$2:J66,$A$2:A66,A66) -> 20
A67: TAB | B67: 7 | C67: Exercices | D67: 13 | E67: 13 | G67: Exercices : TAB.1 Une matrice carrée — carree construit, enTexte met en forme, aucune des deux n'affiche | J67: =IF(H67<>"",H67,IF(C67="Slides",F67*Synthèse!$C$3,0)) -> 0 | K67: =SUMIFS($J$2:J67,$A$2:A67,A67) -> 20
A68: TAB | B68: 8 | C68: Section | D68: 14 | E68: 14 | G68: Section 3. Lignes de tailles différentes | J68: =IF(H68<>"",H68,IF(C68="Slides",F68*Synthèse!$C$3,0)) -> 0 | K68: =SUMIFS($J$2:J68,$A$2:A68,A68) -> 20
A69: TAB | B69: 9 | C69: Slides | D69: 15 | E69: 15 | F69: =E69-D69+1 -> 1 | G69: Déclarer les lignes une par une | J69: =IF(H69<>"",H69,IF(C69="Slides",F69*Synthèse!$C$3,0)) -> 0 | K69: =SUMIFS($J$2:J69,$A$2:A69,A69) -> 20
A70: TAB | B70: 10 | C70: Exercices | D70: 16 | E70: 16 | G70: Exercices : TAB.2 Le triangle de Pascal — Deux boucles for-each imbriquées pour l'affichage | J70: =IF(H70<>"",H70,IF(C70="Slides",F70*Synthèse!$C$3,0)) -> 0 | K70: =SUMIFS($J$2:J70,$A$2:A70,A70) -> 20
A71: TAB | B71: 11 | C71: Section | D71: 17 | E71: 17 | G71: Section 4. L'opérateur ternaire | J71: =IF(H71<>"",H71,IF(C71="Slides",F71*Synthèse!$C$3,0)) -> 0 | K71: =SUMIFS($J$2:J71,$A$2:A71,A71) -> 20
A72: TAB | B72: 12 | C72: Slides | D72: 18 | E72: 20 | F72: =E72-D72+1 -> 3 | G72: La syntaxe ; Ce qu'un if ne permet pas ; Où s'arrête l'intérêt | J72: =IF(H72<>"",H72,IF(C72="Slides",F72*Synthèse!$C$3,0)) -> 0 | K72: =SUMIFS($J$2:J72,$A$2:A72,A72) -> 20
A73: TAB | B73: 13 | C73: Exercices | D73: 21 | E73: 21 | G73: Exercices : TAB.3 L'opérateur ternaire — Deux méthodes, une instruction chacune | J73: =IF(H73<>"",H73,IF(C73="Slides",F73*Synthèse!$C$3,0)) -> 0 | K73: =SUMIFS($J$2:J73,$A$2:A73,A73) -> 20
A74: TAB | B74: 14 | C74: Section | D74: 22 | E74: 22 | G74: Section 5. Des objets qui se connaissent | J74: =IF(H74<>"",H74,IF(C74="Slides",F74*Synthèse!$C$3,0)) -> 0 | K74: =SUMIFS($J$2:J74,$A$2:A74,A74) -> 20
A75: TAB | B75: 15 | C75: Slides | D75: 23 | E75: 25 | F75: =E75-D75+1 -> 3 | G75: Un objet peut en contenir un autre ; Ne pas stocker ce qui se déduit ; Un tableau de taille fixe dans un objet | J75: =IF(H75<>"",H75,IF(C75="Slides",F75*Synthèse!$C$3,0)) -> 0 | K75: =SUMIFS($J$2:J75,$A$2:A75,A75) -> 20
A76: TAB | B76: 16 | C76: Exercices | D76: 26 | E76: 26 | G76: Exercices : TAB.4 Des objets qui se connaissent — Quatre classes, un format de texte imposé | J76: =IF(H76<>"",H76,IF(C76="Slides",F76*Synthèse!$C$3,0)) -> 0 | K76: =SUMIFS($J$2:J76,$A$2:A76,A76) -> 20
A77: TAB | B77: 17 | C77: Slides | D77: 27 | E77: 27 | F77: =E77-D77+1 -> 1 | G77: Ce qu'il faut retenir | J77: =IF(H77<>"",H77,IF(C77="Slides",F77*Synthèse!$C$3,0)) -> 0 | K77: =SUMIFS($J$2:J77,$A$2:A77,A77) -> 20
A78: ENU | B78: 1 | C78: Slides | D78: 2 | E78: 2 | F78: =E78-D78+1 -> 1 | G78: Au programme | J78: =IF(H78<>"",H78,IF(C78="Slides",F78*Synthèse!$C$3,0)) -> 0 | K78: =SUMIFS($J$2:J78,$A$2:A78,A78) -> 0
A79: ENU | B79: 2 | C79: Section | D79: 3 | E79: 3 | G79: Section 1. Des valeurs qui se comptent | J79: =IF(H79<>"",H79,IF(C79="Slides",F79*Synthèse!$C$3,0)) -> 0 | K79: =SUMIFS($J$2:J79,$A$2:A79,A79) -> 0
A80: ENU | B80: 3 | C80: Slides | D80: 4 | E80: 5 | F80: =E80-D80+1 -> 2 | G80: Trois couleurs, pas une de plus ; Il existe d'autres types que la classe | J80: =IF(H80<>"",H80,IF(C80="Slides",F80*Synthèse!$C$3,0)) -> 0 | K80: =SUMIFS($J$2:J80,$A$2:A80,A80) -> 0
A81: ENU | B81: 4 | C81: Section | D81: 6 | E81: 6 | G81: Section 2. Déclarer une énumération | J81: =IF(H81<>"",H81,IF(C81="Slides",F81*Synthèse!$C$3,0)) -> 0 | K81: =SUMIFS($J$2:J81,$A$2:A81,A81) -> 0
A82: ENU | B82: 5 | C82: Slides | D82: 7 | E82: 9 | F82: =E82-D82+1 -> 3 | G82: Déclarer une énumération ; Ce que toute énumération sait faire ; L'ordre de déclaration des valeurs compte | J82: =IF(H82<>"",H82,IF(C82="Slides",F82*Synthèse!$C$3,0)) -> 0 | K82: =SUMIFS($J$2:J82,$A$2:A82,A82) -> 0
A83: ENU | B83: 6 | C83: Section | D83: 10 | E83: 10 | G83: Section 3. L'ordre porte l'information | J83: =IF(H83<>"",H83,IF(C83="Slides",F83*Synthèse!$C$3,0)) -> 0 | K83: =SUMIFS($J$2:J83,$A$2:A83,A83) -> 0
A84: ENU | B84: 7 | C84: Démonstration | D84: 11 | E84: 11 | G84: Démonstration Demo_ENU : Le cycle sans conditions (avant ENU.1) | H84: 10 | I84: 10 minutes | J84: =IF(H84<>"",H84,IF(C84="Slides",F84*Synthèse!$C$3,0)) -> 10 | K84: =SUMIFS($J$2:J84,$A$2:A84,A84) -> 10
A85: ENU | B85: 8 | C85: Slides | D85: 12 | E85: 13 | F85: =E85-D85+1 -> 2 | G85: Pour passer à la valeur suivante ; Ce que ce détour fait gagner | J85: =IF(H85<>"",H85,IF(C85="Slides",F85*Synthèse!$C$3,0)) -> 0 | K85: =SUMIFS($J$2:J85,$A$2:A85,A85) -> 10
A86: ENU | B86: 9 | C86: Exercices | D86: 14 | E86: 14 | G86: Exercices : ENU.1 Un feu de signalisation | J86: =IF(H86<>"",H86,IF(C86="Slides",F86*Synthèse!$C$3,0)) -> 0 | K86: =SUMIFS($J$2:J86,$A$2:A86,A86) -> 10
A87: ENU | B87: 10 | C87: Section | D87: 15 | E87: 15 | G87: Section 4. Comparer et aiguiller : switch | J87: =IF(H87<>"",H87,IF(C87="Slides",F87*Synthèse!$C$3,0)) -> 0 | K87: =SUMIFS($J$2:J87,$A$2:A87,A87) -> 10
A88: ENU | B88: 11 | C88: Slides | D88: 16 | E88: 20 | F88: =E88-D88+1 -> 5 | G88: Comparer deux valeurs ; Aiguiller : la forme classique ; Aiguiller : la forme à flèches ; Un switch qui retourne une valeur ; Tous les cas, sans oubli | J88: =IF(H88<>"",H88,IF(C88="Slides",F88*Synthèse!$C$3,0)) -> 0 | K88: =SUMIFS($J$2:J88,$A$2:A88,A88) -> 10
A89: ENU | B89: 12 | C89: Exercices | D89: 21 | E89: 21 | G89: Exercices : ENU.2 Une température, deux unités — Nommer : CC-MET.4 | J89: =IF(H89<>"",H89,IF(C89="Slides",F89*Synthèse!$C$3,0)) -> 0 | K89: =SUMIFS($J$2:J89,$A$2:A89,A89) -> 10
A90: ENU | B90: 13 | C90: Section | D90: 22 | E90: 22 | G90: Section 5. Une enum est une classe | J90: =IF(H90<>"",H90,IF(C90="Slides",F90*Synthèse!$C$3,0)) -> 0 | K90: =SUMIFS($J$2:J90,$A$2:A90,A90) -> 10
A91: ENU | B91: 14 | C91: Slides | D91: 23 | E91: 27 | F91: =E91-D91+1 -> 5 | G91: Une enum peut contenir des données ; Trois détails de syntaxe ; Un jeu de cartes, avec des enums ; Le modèle du jeu ; Toutes les combinaisons | J91: =IF(H91<>"",H91,IF(C91="Slides",F91*Synthèse!$C$3,0)) -> 0 | K91: =SUMIFS($J$2:J91,$A$2:A91,A91) -> 10
A92: ENU | B92: 15 | C92: Section | D92: 28 | E92: 28 | G92: Section 6. Un détour par deux outils | J92: =IF(H92<>"",H92,IF(C92="Slides",F92*Synthèse!$C$3,0)) -> 0 | K92: =SUMIFS($J$2:J92,$A$2:A92,A92) -> 10
A93: ENU | B93: 16 | C93: Slides | D93: 29 | E93: 30 | F93: =E93-D93+1 -> 2 | G93: Tirer un nombre au hasard ; Assembler un String avec un séparateur | J93: =IF(H93<>"",H93,IF(C93="Slides",F93*Synthèse!$C$3,0)) -> 0 | K93: =SUMIFS($J$2:J93,$A$2:A93,A93) -> 10
A94: ENU | B94: 17 | C94: Exercices | D94: 31 | E94: 31 | G94: Exercices : ENU.3 Un jeu de cartes — Documenter : CC-COM.3 | J94: =IF(H94<>"",H94,IF(C94="Slides",F94*Synthèse!$C$3,0)) -> 0 | K94: =SUMIFS($J$2:J94,$A$2:A94,A94) -> 10
A95: ENU | B95: 18 | C95: Section | D95: 32 | E95: 32 | G95: Section 7. Les records | J95: =IF(H95<>"",H95,IF(C95="Slides",F95*Synthèse!$C$3,0)) -> 0 | K95: =SUMIFS($J$2:J95,$A$2:A95,A95) -> 10
A96: ENU | B96: 19 | C96: Slides | D96: 33 | E96: 38 | F96: =E96-D96+1 -> 6 | G96: Une donnée, et rien d'autre ; Ce que le compilateur écrit ; Un record ne change pas ; Ajouter une méthode ; Valider à la construction ; Quand le record ne convient pas | J96: =IF(H96<>"",H96,IF(C96="Slides",F96*Synthèse!$C$3,0)) -> 0 | K96: =SUMIFS($J$2:J96,$A$2:A96,A96) -> 10
A97: ENU | B97: 20 | C97: Exercices | D97: 39 | E97: 39 | G97: Exercices : ENU.4 Un record d'étudiant — Concevoir : CC-OBJ.2 | J97: =IF(H97<>"",H97,IF(C97="Slides",F97*Synthèse!$C$3,0)) -> 0 | K97: =SUMIFS($J$2:J97,$A$2:A97,A97) -> 10
A98: ENU | B98: 21 | C98: Slides | D98: 40 | E98: 40 | F98: =E98-D98+1 -> 1 | G98: Le fil rouge | J98: =IF(H98<>"",H98,IF(C98="Slides",F98*Synthèse!$C$3,0)) -> 0 | K98: =SUMIFS($J$2:J98,$A$2:A98,A98) -> 10
A99: ABS | B99: 1 | C99: Slides | D99: 2 | E99: 2 | F99: =E99-D99+1 -> 1 | G99: Au programme | J99: =IF(H99<>"",H99,IF(C99="Slides",F99*Synthèse!$C$3,0)) -> 0 | K99: =SUMIFS($J$2:J99,$A$2:A99,A99) -> 0
A100: ABS | B100: 2 | C100: Section | D100: 3 | E100: 3 | G100: Section 1. L'héritage en Java | J100: =IF(H100<>"",H100,IF(C100="Slides",F100*Synthèse!$C$3,0)) -> 0 | K100: =SUMIFS($J$2:J100,$A$2:A100,A100) -> 0
...
