Workbook

Sheet Objectifs examen
A1: Objectifs de l'unité d'enseignement
A2: Recopiés des deux premières pages de l'examen de juin 2025. Ce sont eux qui font foi.
A4: Code | B4: Compétence / objectif | C4: Question d'examen
A5: A | B5: Concevoir, installer et utiliser des objets appropriés à la solution
A6: A.1 | B6: Pouvoir définir et implémenter des classes et des objets Java simples | C6: Q1, Q2, Q4
A7: A.2 | B7: Pouvoir compléter des classes Java implémentées par un tiers | C7: Q3, Q4
A8: A.3 | B8: Pouvoir utiliser et interagir avec des classes et objets Java existants | C8: Q2
A9: A.4 | B9: Pouvoir dériver de nouvelles classes par héritage d'une classe Java existante | C9: Q4
A10: A.5 | B10: Pouvoir utiliser les classes du JDK pour accéder à des fichiers et pour réaliser une application disposant d'une interface graphique simple (JavaFX) | C10: Q5
A11: A.6 | B11: Pouvoir démontrer, au travers d'un exercice simple, sa compréhension du concept et du fonctionnement des expressions lambda introduites par Java 8 | C11: —
A12: B | B12: Concevoir et mettre en œuvre une procédure de test partiel et intégré
A13: B.1 | B13: Pouvoir implémenter des classes de test simples (JUnit) sur base d'une classe implémentée par un tiers et/ou de spécifications techniques | C13: Q3
A14: B.2 | B14: Pouvoir implémenter des classes et objets Java simples et les classes de test correspondantes | C14: Q3
A15: B.3 | B15: Pouvoir, par l'exécution d'une batterie de tests (JUnit) implémentée par un tiers, repérer et débugger des problèmes simples dans des classes Java implémentées par un tiers | C15: Q3
A16: C | B16: Justifier sa méthode de résolution ainsi que ses choix conceptuels et méthodologiques
A17: C.1 | B17: Pouvoir justifier les choix de types d'attributs, d'appartenance des attributs et méthodes à l'une ou l'autre classe, et des interfaces de communication entre classes | C17: toutes
A18: C.2 | B18: Pouvoir justifier ses choix quant aux tests implémentés | C18: Q3
A20: Critères du degré de maîtrise — transversaux
A22: D.1 | B22: La rigueur et le respect des spécificités du langage de programmation utilisé | C22: toutes
A23: D.2 | B23: Le style de programmation | C23: toutes
A24: D.3 | B24: L'adéquation et la pertinence de la solution développée | C24: toutes
A25: D.4 | B25: Le respect du temps alloué | C25: toutes
A26: D.5 | B26: La clarté et la précision dans l'utilisation du vocabulaire technique | C26: toutes
A27: D.6 | B27: L'utilisation de commentaires dans les codes, facilitant sa lecture | C27: toutes
A28: D.7 | B28: L'utilisation de commentaires Javadoc appropriés | C28: toutes
A29: D.8 | B29: Le degré d'autonomie atteint | C29: toutes
A30: D.9 | B30: L'utilisation appropriée des mécanismes d'héritage, de l'encapsulation public/protected/private, de renvoi de résultat vs modification de l'état interne | C30: toutes
A31: D.10 | B31: La correspondance exacte de la solution à l'énoncé initial | C31: toutes
A32: D.11 | B32: La correction du code, absence de bugs | C32: toutes
A33: D.12 | B33: La capacité à utiliser la documentation (javadoc) pour comprendre les spécifications d'objets du JDK | C33: toutes

Sheet Modules
A1: Les modules, leur priorité et leurs supports
A2: Organisés par module et non par séance : la répartition dans le calendrier se décide ailleurs, dans outils/livraisons.json, sans renommer un seul package.
A4: Module | B4: Titre | C4: MoSCoW | D4: Deck(s) | E4: Exercices | F4: Tests | G4: Fascicule | H4: Démo de code | I4: Renvois mémento | J4: État | K4: Trous
A5: POO | B5: Classes, objets et encapsulation | C5: Must | D5: 01 | E5: 5 | F5: 4 | G5: oui | H5: écrite | I5: 9 | J5: livré | K5: =COUNTIF(G5:H5,"non")+COUNTIF(G5:H5,"à écrire")+IF(I5=0,1,0) -> 0
A6: STA | B6: static : constantes, champs et méthodes de classe | C6: Should | D6: 04 | E6: 2 | F6: 2 | G6: oui | H6: écrite | I6: 5 | J6: livré | K6: =COUNTIF(G6:H6,"non")+COUNTIF(G6:H6,"à écrire")+IF(I6=0,1,0) -> 0
A7: TMP | B7: Dates et heures | C7: Should | D7: 02 | E7: 6 | F7: 6 | G7: oui | H7: écrite | I7: 3 | J7: livré | K7: =COUNTIF(G7:H7,"non")+COUNTIF(G7:H7,"à écrire")+IF(I7=0,1,0) -> 0
A8: PKG | B8: Packages et visibilité | C8: Must | D8: 02 | E8: 5 | F8: 5 | G8: oui | H8: écrite | I8: 3 | J8: livré | K8: =COUNTIF(G8:H8,"non")+COUNTIF(G8:H8,"à écrire")+IF(I8=0,1,0) -> 0
A9: TAB | B9: Tableaux, boucles, ternaire | C9: Should | D9: 02 | E9: 4 | F9: 4 | G9: oui | H9: écrite | I9: 3 | J9: livré | K9: =COUNTIF(G9:H9,"non")+COUNTIF(G9:H9,"à écrire")+IF(I9=0,1,0) -> 0
A10: ENU | B10: Énumérations et records | C10: Should | D10: 02 | E10: 4 | F10: 4 | G10: oui | H10: écrite | I10: 5 | J10: livré | K10: =COUNTIF(G10:H10,"non")+COUNTIF(G10:H10,"à écrire")+IF(I10=0,1,0) -> 0
A11: ABS | B11: Classes abstraites | C11: Must | D11: 03 | E11: 5 | F11: 5 | G11: oui | H11: écrite | I11: 2 | J11: livré | K11: =COUNTIF(G11:H11,"non")+COUNTIF(G11:H11,"à écrire")+IF(I11=0,1,0) -> 0
A12: ITF | B12: Interfaces | C12: Must | D12: 03 | E12: 4 | F12: 4 | G12: oui | H12: écrite | I12: 2 | J12: livré | K12: =COUNTIF(G12:H12,"non")+COUNTIF(G12:H12,"à écrire")+IF(I12=0,1,0) -> 0
A13: COL | B13: Collections | C13: Must | D13: 05 | E13: 7 | F13: 7 | G13: oui | H13: écrite | I13: 2 | J13: livré | K13: =COUNTIF(G13:H13,"non")+COUNTIF(G13:H13,"à écrire")+IF(I13=0,1,0) -> 0
A14: EXC | B14: Exceptions | C14: Must | D14: 06 | E14: 5 | F14: 5 | G14: oui | H14: écrite | I14: 3 | J14: livré | K14: =COUNTIF(G14:H14,"non")+COUNTIF(G14:H14,"à écrire")+IF(I14=0,1,0) -> 0
A15: JUN | B15: Tests unitaires JUnit | C15: Must | D15: 07 | E15: 3 | F15: 3 | G15: oui | H15: écrite | I15: 2 | J15: livré | K15: =COUNTIF(G15:H15,"non")+COUNTIF(G15:H15,"à écrire")+IF(I15=0,1,0) -> 0
A16: GEN | B16: Types génériques | C16: Should | D16: 08a | E16: 6 | F16: 6 | G16: oui | H16: écrite | I16: 2 | J16: livré | K16: =COUNTIF(G16:H16,"non")+COUNTIF(G16:H16,"à écrire")+IF(I16=0,1,0) -> 0
... A22: GAM | B22: Fil rouge GameHub | C22: Could | D22: 01, 02, 03, 04, 06 | E22: 30 | F22: 3 | G22: oui | H22: — | I22: 2 | J22: G.1 à G.30 — tout est corrigé sauf G.10, remplacé | K22: =COUNTIF(G22:H22,"non")+COUNTIF(G22:H22,"à écrire")+IF(I22=0,1,0) -> 0
A23: TOTAL | E23: =SUM(E5:E22) -> 101 | F23: =SUM(F5:F22) -> 64 | K23: =SUM(K5:K22) -> 4
A25: Comment lire
A26: MoSCoW du module : ce qu'on garde si l'année dérape, ce qu'on ajoute s'il reste du temps.
A27: « Démo de code » : un exemple construit en direct dans IntelliJ pendant le cours. Elles vivent dans le module demos/, et leur scénario dans _demos/. Douze sur seize existent.
A28: « Renvois mémento » : nombre de règles du mémento Clean Code citées dans le fascicule. Dix-sept des trente-quatre règles sont citées au moins une fois.
A29: La colonne Trous compte les supports absents : fascicule, démo de code, et un zéro de renvois.

Sheet Exercices
A1: Les exercices, un par ligne
A2: Colonne MoSCoW modifiable : elle dit quoi retirer si le temps manque, et quoi ajouter s'il en reste.
A4: Module | B4: Code | C4: Intitulé | D4: MoSCoW | E4: Objectif examen | F4: État
A5: POO | B5: POO.1 | C5: Classe Personne, champs publics | D5: Must | E5: A.1 | F5: livré
A6: POO | B6: POO.2 | C6: Encapsulation, la question du champ age | D6: Must | E6: A.1 | F6: livré
A7: POO | B7: POO.3 | C7: Supprimer la donnée redondante | D7: Should | E7: C.1 | F7: livré
A8: POO | B8: POO.4 | C8: Passage de paramètres, valeur et référence | D8: Must | E8: C.1 | F8: livré
A9: POO | B9: POO.5 | C9: Séparer le calcul du dialogue | D9: Should | E9: C.1 | F9: livré
A10: STA | B10: STA.1 | C10: Constantes et compteur d'instances | D10: Should | E10: A.1 | F10: livré
A11: STA | B11: STA.2 | C11: Méthode statique et fabrique | D11: Could | E11: C.1 | F11: livré
A12: TMP | B12: TMP.1 | C12: Mesurer un écart entre deux dates | D12: Should | E12: A.3 | F12: livré
A13: TMP | B13: TMP.2 | C13: Les dates sont immuables | D13: Must | E13: A.3 | F13: livré
A14: TMP | B14: TMP.3 | C14: Compter des secondes : date ou instant | D14: Could | E14: A.3 | F14: livré
A15: TMP | B15: TMP.4 | C15: L'arithmétique des mois | D15: Could | E15: A.3 | F15: livré
... A83: GAM | B83: G.22 | C83: Un jeu qui ouvre une fenêtre | D83: Could | E83: A.5 | F83: corrigé
A85: Combien d'exercices selon le scénario
A87: Must seuls | B87: =COUNTIF($D$5:$D$83,"Must") -> 31
A88: Must + Should | B88: =COUNTIF($D$5:$D$83,"Must")+COUNTIF($D$5:$D$83,"Should") -> 60
A89: Tout sauf les Won't | B89: =COUNTA($D$5:$D$83)-COUNTIF($D$5:$D$83,"Won't") -> 78
A90: Déjà livrés | B90: =COUNTIF($F$5:$F$83,"livré") -> 71
A91: Restant à écrire | B91: =COUNTIF($F$5:$F$83,"à écrire") -> 0
A93: REC compte pour une seule ligne : son format n'est pas arrêté.

Sheet Objectifs par module
A1: Objectifs d'apprentissage, module par module
A2: Déduits des slides et des exercices, puis rattachés à un objectif de l'examen. Colonne D modifiable : elle alimente la feuille Couverture.
A4: Module | B4: Code | C4: Objectif d'apprentissage | D4: Objectif examen | E4: Exercices
A5: POO | B5: POO.a | C5: Déclarer une classe, ses champs et ses méthodes | D5: A.1 | E5: POO.1
A6: POO | B6: POO.b | C6: Encapsuler : private, accesseurs, invariants | D6: A.1 | E6: POO.2, POO.3
A7: POO | B7: POO.c | C7: Éliminer une donnée redondante en la calculant | D7: C.1 | E7: POO.3
A8: POO | B8: POO.d | C8: Distinguer passage d'un primitif et d'une référence | D8: C.1 | E8: POO.4
A9: POO | B9: POO.e | C9: Séparer le noyau calculatoire du dialogue utilisateur | D9: C.1 | E9: POO.5
A10: STA | B10: STA.a | C10: Distinguer ce qui appartient à la classe de ce qui appartient à l'objet | D10: A.1 | E10: STA.1
A11: STA | B11: STA.b | C11: Déclarer une constante et savoir où la placer | D11: C.1 | E11: STA.1
A12: STA | B12: STA.c | C12: Écrire une méthode statique et une fabrique | D12: C.1 | E12: STA.2
A13: TMP | B13: TMP.a | C13: Construire une date et mesurer un écart | D13: A.3 | E13: TMP.1
A14: TMP | B14: TMP.b | C14: Comprendre l'immuabilité des objets du JDK | D14: A.3 | E14: TMP.2
A15: TMP | B15: TMP.c | C15: Distinguer une date d'un instant | D15: A.3 | E15: TMP.3
... A81: REC | B81: REC.b | C81: Se préparer au format de l'examen | D81: D.10 | E81: à décider
A83: Fond rose : aucun exercice n'existe encore pour ce module. La couleur se déduit du disque, elle ne se décrète pas.

Sheet Couverture
A1: Couverture des objectifs de l'examen par les modules
A2: Chaque cellule compte les objectifs d'apprentissage rattachés. Tout se recalcule depuis la feuille précédente.
A4: Code | B4: Objectif de l'examen | C4: POO | D4: STA | E4: TMP | F4: PKG | G4: TAB | H4: ENU | I4: ABS | J4: ITF | K4: COL | L4: EXC | M4: JUN | N4: GEN | O4: LAM | P4: FX | Q4: FIC | R4: REC | S4: Total | T4: État
A5: A.1 | B5: Pouvoir définir et implémenter des classes et des objets Java simples | C5: =COUNTIFS('Objectifs par module'!$A$5:$A$81,C$4,'Objectifs par module'!$D$5:$D$81,$A5) -> 2 | D5: =COUNTIFS('Objectifs par module'!$A$5:$A$81,D$4,'Objectifs par module'!$D$5:$D$81,$A5) -> 1 | E5: =COUNTIFS('Objectifs par module'!$A$5:$A$81,E$4,'Objectifs par module'!$D$5:$D$81,$A5) -> 0 | F5: =COUNTIFS('Objectifs par module'!$A$5:$A$81,F$4,'Objectifs par module'!$D$5:$D$81,$A5) -> 1 | G5: =COUNTIFS('Objectifs par module'!$A$5:$A$81,G$4,'Objectifs par module'!$D$5:$D$81,$A5) -> 2 | H5: =COUNTIFS('Objectifs par module'!$A$5:$A$81,H$4,'Objectifs par module'!$D$5:$D$81,$A5) -> 4 | I5: =COUNTIFS('Objectifs par module'!$A$5:$A$81,I$4,'Objectifs par module'!$D$5:$D$81,$A5) -> 0 | J5: =COUNTIFS('Objectifs par module'!$A$5:$A$81,J$4,'Objectifs par module'!$D$5:$D$81,$A5) -> 1 | ... R5: =COUNTIFS('Objectifs par module'!$A$5:$A$81,R$4,'Objectifs par module'!$D$5:$D$81,$A5) -> 1 | S5: =SUM(C5:R5) -> 16 | T5: =IF(S5=0,"NON COUVERT",IF(S5=1,"un seul module","couvert")) -> couvert
A6: A.2 | B6: Pouvoir compléter des classes Java implémentées par un tiers | C6: =COUNTIFS('Objectifs par module'!$A$5:$A$81,C$4,'Objectifs par module'!$D$5:$D$81,$A6) -> 0 | D6: =COUNTIFS('Objectifs par module'!$A$5:$A$81,D$4,'Objectifs par module'!$D$5:$D$81,$A6) -> 0 | E6: =COUNTIFS('Objectifs par module'!$A$5:$A$81,E$4,'Objectifs par module'!$D$5:$D$81,$A6) -> 0 | F6: =COUNTIFS('Objectifs par module'!$A$5:$A$81,F$4,'Objectifs par module'!$D$5:$D$81,$A6) -> 1 | G6: =COUNTIFS('Objectifs par module'!$A$5:$A$81,G$4,'Objectifs par module'!$D$5:$D$81,$A6) -> 0 | H6: =COUNTIFS('Objectifs par module'!$A$5:$A$81,H$4,'Objectifs par module'!$D$5:$D$81,$A6) -> 0 | I6: =COUNTIFS('Objectifs par module'!$A$5:$A$81,I$4,'Objectifs par module'!$D$5:$D$81,$A6) -> 1 | J6: =COUNTIFS('Objectifs par module'!$A$5:$A$81,J$4,'Objectifs par module'!$D$5:$D$81,$A6) -> 1 | ... R6: =COUNTIFS('Objectifs par module'!$A$5:$A$81,R$4,'Objectifs par module'!$D$5:$D$81,$A6) -> 0 | S6: =SUM(C6:R6) -> 3 | T6: =IF(S6=0,"NON COUVERT",IF(S6=1,"un seul module","couvert")) -> couvert
A7: A.3 | B7: Pouvoir utiliser et interagir avec des classes et objets Java existants | C7: =COUNTIFS('Objectifs par module'!$A$5:$A$81,C$4,'Objectifs par module'!$D$5:$D$81,$A7) -> 0 | D7: =COUNTIFS('Objectifs par module'!$A$5:$A$81,D$4,'Objectifs par module'!$D$5:$D$81,$A7) -> 0 | E7: =COUNTIFS('Objectifs par module'!$A$5:$A$81,E$4,'Objectifs par module'!$D$5:$D$81,$A7) -> 6 | F7: =COUNTIFS('Objectifs par module'!$A$5:$A$81,F$4,'Objectifs par module'!$D$5:$D$81,$A7) -> 0 | G7: =COUNTIFS('Objectifs par module'!$A$5:$A$81,G$4,'Objectifs par module'!$D$5:$D$81,$A7) -> 0 | H7: =COUNTIFS('Objectifs par module'!$A$5:$A$81,H$4,'Objectifs par module'!$D$5:$D$81,$A7) -> 0 | I7: =COUNTIFS('Objectifs par module'!$A$5:$A$81,I$4,'Objectifs par module'!$D$5:$D$81,$A7) -> 0 | J7: =COUNTIFS('Objectifs par module'!$A$5:$A$81,J$4,'Objectifs par module'!$D$5:$D$81,$A7) -> 0 | ... R7: =COUNTIFS('Objectifs par module'!$A$5:$A$81,R$4,'Objectifs par module'!$D$5:$D$81,$A7) -> 0 | S7: =SUM(C7:R7) -> 10 | T7: =IF(S7=0,"NON COUVERT",IF(S7=1,"un seul module","couvert")) -> couvert
A8: A.4 | B8: Pouvoir dériver de nouvelles classes par héritage d'une classe Java existante | C8: =COUNTIFS('Objectifs par module'!$A$5:$A$81,C$4,'Objectifs par module'!$D$5:$D$81,$A8) -> 0 | D8: =COUNTIFS('Objectifs par module'!$A$5:$A$81,D$4,'Objectifs par module'!$D$5:$D$81,$A8) -> 0 | E8: =COUNTIFS('Objectifs par module'!$A$5:$A$81,E$4,'Objectifs par module'!$D$5:$D$81,$A8) -> 0 | F8: =COUNTIFS('Objectifs par module'!$A$5:$A$81,F$4,'Objectifs par module'!$D$5:$D$81,$A8) -> 0 | G8: =COUNTIFS('Objectifs par module'!$A$5:$A$81,G$4,'Objectifs par module'!$D$5:$D$81,$A8) -> 0 | H8: =COUNTIFS('Objectifs par module'!$A$5:$A$81,H$4,'Objectifs par module'!$D$5:$D$81,$A8) -> 0 | I8: =COUNTIFS('Objectifs par module'!$A$5:$A$81,I$4,'Objectifs par module'!$D$5:$D$81,$A8) -> 4 | J8: =COUNTIFS('Objectifs par module'!$A$5:$A$81,J$4,'Objectifs par module'!$D$5:$D$81,$A8) -> 1 | ... R8: =COUNTIFS('Objectifs par module'!$A$5:$A$81,R$4,'Objectifs par module'!$D$5:$D$81,$A8) -> 0 | S8: =SUM(C8:R8) -> 7 | T8: =IF(S8=0,"NON COUVERT",IF(S8=1,"un seul module","couvert")) -> couvert
A9: A.5 | B9: Pouvoir utiliser les classes du JDK pour accéder à des fichiers et pour réaliser une application disposant d'une interface graphique simple (JavaFX) | C9: =COUNTIFS('Objectifs par module'!$A$5:$A$81,C$4,'Objectifs par module'!$D$5:$D$81,$A9) -> 0 | D9: =COUNTIFS('Objectifs par module'!$A$5:$A$81,D$4,'Objectifs par module'!$D$5:$D$81,$A9) -> 0 | E9: =COUNTIFS('Objectifs par module'!$A$5:$A$81,E$4,'Objectifs par module'!$D$5:$D$81,$A9) -> 0 | F9: =COUNTIFS('Objectifs par module'!$A$5:$A$81,F$4,'Objectifs par module'!$D$5:$D$81,$A9) -> 0 | G9: =COUNTIFS('Objectifs par module'!$A$5:$A$81,G$4,'Objectifs par module'!$D$5:$D$81,$A9) -> 0 | H9: =COUNTIFS('Objectifs par module'!$A$5:$A$81,H$4,'Objectifs par module'!$D$5:$D$81,$A9) -> 0 | I9: =COUNTIFS('Objectifs par module'!$A$5:$A$81,I$4,'Objectifs par module'!$D$5:$D$81,$A9) -> 0 | J9: =COUNTIFS('Objectifs par module'!$A$5:$A$81,J$4,'Objectifs par module'!$D$5:$D$81,$A9) -> 0 | ... R9: =COUNTIFS('Objectifs par module'!$A$5:$A$81,R$4,'Objectifs par module'!$D$5:$D$81,$A9) -> 0 | S9: =SUM(C9:R9) -> 9 | T9: =IF(S9=0,"NON COUVERT",IF(S9=1,"un seul module","couvert")) -> couvert
A10: A.6 | B10: Pouvoir démontrer, au travers d'un exercice simple, sa compréhension du concept et du fonctionnement des expressions lambda introduites par Java 8 | C10: =COUNTIFS('Objectifs par module'!$A$5:$A$81,C$4,'Objectifs par module'!$D$5:$D$81,$A10) -> 0 | D10: =COUNTIFS('Objectifs par module'!$A$5:$A$81,D$4,'Objectifs par module'!$D$5:$D$81,$A10) -> 0 | E10: =COUNTIFS('Objectifs par module'!$A$5:$A$81,E$4,'Objectifs par module'!$D$5:$D$81,$A10) -> 0 | F10: =COUNTIFS('Objectifs par module'!$A$5:$A$81,F$4,'Objectifs par module'!$D$5:$D$81,$A10) -> 0 | G10: =COUNTIFS('Objectifs par module'!$A$5:$A$81,G$4,'Objectifs par module'!$D$5:$D$81,$A10) -> 0 | H10: =COUNTIFS('Objectifs par module'!$A$5:$A$81,H$4,'Objectifs par module'!$D$5:$D$81,$A10) -> 0 | I10: =COUNTIFS('Objectifs par module'!$A$5:$A$81,I$4,'Objectifs par module'!$D$5:$D$81,$A10) -> 0 | J10: =COUNTIFS('Objectifs par module'!$A$5:$A$81,J$4,'Objectifs par module'!$D$5:$D$81,$A10) -> 0 | ... R10: =COUNTIFS('Objectifs par module'!$A$5:$A$81,R$4,'Objectifs par module'!$D$5:$D$81,$A10) -> 0 | S10: =SUM(C10:R10) -> 6 | T10: =IF(S10=0,"NON COUVERT",IF(S10=1,"un seul module","couvert")) -> couvert
A11: B.1 | B11: Pouvoir implémenter des classes de test simples (JUnit) sur base d'une classe implémentée par un tiers et/ou de spécifications techniques | C11: =COUNTIFS('Objectifs par module'!$A$5:$A$81,C$4,'Objectifs par module'!$D$5:$D$81,$A11) -> 0 | D11: =COUNTIFS('Objectifs par module'!$A$5:$A$81,D$4,'Objectifs par module'!$D$5:$D$81,$A11) -> 0 | E11: =COUNTIFS('Objectifs par module'!$A$5:$A$81,E$4,'Objectifs par module'!$D$5:$D$81,$A11) -> 0 | F11: =COUNTIFS('Objectifs par module'!$A$5:$A$81,F$4,'Objectifs par module'!$D$5:$D$81,$A11) -> 0 | G11: =COUNTIFS('Objectifs par module'!$A$5:$A$81,G$4,'Objectifs par module'!$D$5:$D$81,$A11) -> 0 | H11: =COUNTIFS('Objectifs par module'!$A$5:$A$81,H$4,'Objectifs par module'!$D$5:$D$81,$A11) -> 0 | I11: =COUNTIFS('Objectifs par module'!$A$5:$A$81,I$4,'Objectifs par module'!$D$5:$D$81,$A11) -> 0 | J11: =COUNTIFS('Objectifs par module'!$A$5:$A$81,J$4,'Objectifs par module'!$D$5:$D$81,$A11) -> 0 | ... R11: =COUNTIFS('Objectifs par module'!$A$5:$A$81,R$4,'Objectifs par module'!$D$5:$D$81,$A11) -> 0 | S11: =SUM(C11:R11) -> 1 | T11: =IF(S11=0,"NON COUVERT",IF(S11=1,"un seul module","couvert")) -> un seul module
A12: B.2 | B12: Pouvoir implémenter des classes et objets Java simples et les classes de test correspondantes | C12: =COUNTIFS('Objectifs par module'!$A$5:$A$81,C$4,'Objectifs par module'!$D$5:$D$81,$A12) -> 0 | D12: =COUNTIFS('Objectifs par module'!$A$5:$A$81,D$4,'Objectifs par module'!$D$5:$D$81,$A12) -> 0 | E12: =COUNTIFS('Objectifs par module'!$A$5:$A$81,E$4,'Objectifs par module'!$D$5:$D$81,$A12) -> 0 | F12: =COUNTIFS('Objectifs par module'!$A$5:$A$81,F$4,'Objectifs par module'!$D$5:$D$81,$A12) -> 0 | G12: =COUNTIFS('Objectifs par module'!$A$5:$A$81,G$4,'Objectifs par module'!$D$5:$D$81,$A12) -> 0 | H12: =COUNTIFS('Objectifs par module'!$A$5:$A$81,H$4,'Objectifs par module'!$D$5:$D$81,$A12) -> 0 | I12: =COUNTIFS('Objectifs par module'!$A$5:$A$81,I$4,'Objectifs par module'!$D$5:$D$81,$A12) -> 0 | J12: =COUNTIFS('Objectifs par module'!$A$5:$A$81,J$4,'Objectifs par module'!$D$5:$D$81,$A12) -> 0 | ... R12: =COUNTIFS('Objectifs par module'!$A$5:$A$81,R$4,'Objectifs par module'!$D$5:$D$81,$A12) -> 0 | S12: =SUM(C12:R12) -> 1 | T12: =IF(S12=0,"NON COUVERT",IF(S12=1,"un seul module","couvert")) -> un seul module
A13: B.3 | B13: Pouvoir, par l'exécution d'une batterie de tests (JUnit) implémentée par un tiers, repérer et débugger des problèmes simples dans des classes Java implémentées par un tiers | C13: =COUNTIFS('Objectifs par module'!$A$5:$A$81,C$4,'Objectifs par module'!$D$5:$D$81,$A13) -> 0 | D13: =COUNTIFS('Objectifs par module'!$A$5:$A$81,D$4,'Objectifs par module'!$D$5:$D$81,$A13) -> 0 | E13: =COUNTIFS('Objectifs par module'!$A$5:$A$81,E$4,'Objectifs par module'!$D$5:$D$81,$A13) -> 0 | F13: =COUNTIFS('Objectifs par module'!$A$5:$A$81,F$4,'Objectifs par module'!$D$5:$D$81,$A13) -> 0 | G13: =COUNTIFS('Objectifs par module'!$A$5:$A$81,G$4,'Objectifs par module'!$D$5:$D$81,$A13) -> 0 | H13: =COUNTIFS('Objectifs par module'!$A$5:$A$81,H$4,'Objectifs par module'!$D$5:$D$81,$A13) -> 0 | I13: =COUNTIFS('Objectifs par module'!$A$5:$A$81,I$4,'Objectifs par module'!$D$5:$D$81,$A13) -> 0 | J13: =COUNTIFS('Objectifs par module'!$A$5:$A$81,J$4,'Objectifs par module'!$D$5:$D$81,$A13) -> 0 | ... R13: =COUNTIFS('Objectifs par module'!$A$5:$A$81,R$4,'Objectifs par module'!$D$5:$D$81,$A13) -> 0 | S13: =SUM(C13:R13) -> 2 | T13: =IF(S13=0,"NON COUVERT",IF(S13=1,"un seul module","couvert")) -> couvert
A14: C.1 | B14: Pouvoir justifier les choix de types d'attributs, d'appartenance des attributs et méthodes à l'une ou l'autre classe, et des interfaces de communication entre classes | C14: =COUNTIFS('Objectifs par module'!$A$5:$A$81,C$4,'Objectifs par module'!$D$5:$D$81,$A14) -> 3 | D14: =COUNTIFS('Objectifs par module'!$A$5:$A$81,D$4,'Objectifs par module'!$D$5:$D$81,$A14) -> 2 | E14: =COUNTIFS('Objectifs par module'!$A$5:$A$81,E$4,'Objectifs par module'!$D$5:$D$81,$A14) -> 0 | F14: =COUNTIFS('Objectifs par module'!$A$5:$A$81,F$4,'Objectifs par module'!$D$5:$D$81,$A14) -> 3 | G14: =COUNTIFS('Objectifs par module'!$A$5:$A$81,G$4,'Objectifs par module'!$D$5:$D$81,$A14) -> 1 | H14: =COUNTIFS('Objectifs par module'!$A$5:$A$81,H$4,'Objectifs par module'!$D$5:$D$81,$A14) -> 0 | I14: =COUNTIFS('Objectifs par module'!$A$5:$A$81,I$4,'Objectifs par module'!$D$5:$D$81,$A14) -> 1 | J14: =COUNTIFS('Objectifs par module'!$A$5:$A$81,J$4,'Objectifs par module'!$D$5:$D$81,$A14) -> 1 | ... R14: =COUNTIFS('Objectifs par module'!$A$5:$A$81,R$4,'Objectifs par module'!$D$5:$D$81,$A14) -> 0 | S14: =SUM(C14:R14) -> 19 | T14: =IF(S14=0,"NON COUVERT",IF(S14=1,"un seul module","couvert")) -> couvert
A15: C.2 | B15: Pouvoir justifier ses choix quant aux tests implémentés | C15: =COUNTIFS('Objectifs par module'!$A$5:$A$81,C$4,'Objectifs par module'!$D$5:$D$81,$A15) -> 0 | D15: =COUNTIFS('Objectifs par module'!$A$5:$A$81,D$4,'Objectifs par module'!$D$5:$D$81,$A15) -> 0 | E15: =COUNTIFS('Objectifs par module'!$A$5:$A$81,E$4,'Objectifs par module'!$D$5:$D$81,$A15) -> 0 | F15: =COUNTIFS('Objectifs par module'!$A$5:$A$81,F$4,'Objectifs par module'!$D$5:$D$81,$A15) -> 0 | G15: =COUNTIFS('Objectifs par module'!$A$5:$A$81,G$4,'Objectifs par module'!$D$5:$D$81,$A15) -> 0 | H15: =COUNTIFS('Objectifs par module'!$A$5:$A$81,H$4,'Objectifs par module'!$D$5:$D$81,$A15) -> 0 | I15: =COUNTIFS('Objectifs par module'!$A$5:$A$81,I$4,'Objectifs par module'!$D$5:$D$81,$A15) -> 0 | J15: =COUNTIFS('Objectifs par module'!$A$5:$A$81,J$4,'Objectifs par module'!$D$5:$D$81,$A15) -> 0 | ... R15: =COUNTIFS('Objectifs par module'!$A$5:$A$81,R$4,'Objectifs par module'!$D$5:$D$81,$A15) -> 0 | S15: =SUM(C15:R15) -> 1 | T15: =IF(S15=0,"NON COUVERT",IF(S15=1,"un seul module","couvert")) -> un seul module
A17: Comment lire ce tableau
A18: Un zéro signale un objectif de l'examen qu'aucun module ne porte.
A19: Un 1 signale un objectif tenu par un seul module : si ce module saute, l'objectif saute avec lui.
A20: Pour rattacher autrement un objectif, changez la colonne D de la feuille précédente.

Sheet Verifications
A1: Ce qui a ete verifie, et ce qui reste
A2: « Livre » ne dit pas « teste ». Cette feuille distingue les deux.
A4: Ce qui est verifie | B4: Etat | C4: Quand | D4: Ce qui en est ressorti
A5: Slides — relecture et adaptation | B5: a faire | D5: Les seize decks sont produits et n'ont jamais ete relus. C'est le gros du travail qui reste : contenu, enchainement, duree reelle de chaque seance.
A6: Exercices — compilation et tests | B6: a faire | D6: 70 squelettes. Verifie en septembre, a refaire : STA.1 et ABS.5 ont change depuis.
A7: Solutions — compilation et execution | B7: a faire | D7: Verifie en septembre. Depuis, JUN.3 a recu son corrige, et sept programmes ont ete repris.
A8: Enonces — relecture detaillee | B8: a faire | D8: Les quinze fascicules et les cinq documents de reference. Entamee en septembre, jamais achevee.
A9: GameHub — les 35 increments | B9: a faire | D9: Trente compilaient en septembre. Cinq se sont ajoutes depuis, dont deux qui ouvrent une fenetre JavaFX.
A10: Demineur — tests, jeu et enonce | B10: a faire | D10: Jamais verifie. Ni les dix tests de GrilleTest, ni le jeu, ni l'enonce en sept etapes ecrit depuis.
A11: JavaFX — les exercices, les demos, FX.8 | B11: a faire | D11: Les huit exercices et les deux demos tournaient en septembre. FX.8 — bindings et pom.xml — n'a jamais ete eprouve.
A12: Captures d'ecran sous Windows | B12: a faire | D12: Les 23 captures du guide et du document Git viennent d'un macOS.
A13: REC — l'examen blanc et les recapitulatifs | B13: a faire | D13: Formule arretee le 11/10 : un examen d'une annee precedente, plus des exercices recapitulatifs. Aucun recapitulatif n'est ecrit.
A14: La distribution aux etudiants | B14: a faire | D14: Depot GitHub public, archives par seance de livrer.py, dossiers par module de dossier_module.py : trois voies qui ne disent pas la meme chose. Point important, pas encore creuse.
A16: Tout est repasse a « a faire » le 11/10/2026 : le professeur reprend l'ensemble. Une ligne « fait » datee de septembre aurait menti, puisque les seize decks, cinq increments GameHub et l'enonce du demineur sont arrives depuis.
